ID,image,formation,catchable,order1,order1level,order1skilllevel,order2,order2level,order2skilllevel,order3,order3level,order3skilllevel,order4,order4level,order4skilllevel,order5,order5level,order5skilllevel,order6,order6level,order6skilllevel,order7,order7level,order7skilllevel,order8,order8level,order8skilllevel,order9,order9level,order9skilllevel,order10,order10level,order10skilllevel
10101,26,1,0,16,20,20,26,20,20,16,20,20,0,0,0,0,0,0,0,0,0,0,0,0,0,0,0,0,0,0,0,0,0
10102,16,2,0,7,20,20,16,20,20,7,20,20,0,0,0,0,0,0,0,0,0,0,0,0,0,0,0,0,0,0,0,0,0
10103,7,1,0,16,20,20,7,20,20,16,20,20,0,0,0,0,0,0,0,0,0,0,0,0,0,0,0,0,0,0,0,0,0
10104,6,1,0,26,25,20,6,25,20,26,25,20,0,0,0,0,0,0,0,0,0,0,0,0,0,0,0,0,0,0,0,0,0
10105,6,4,0,16,25,20,6,25,20,16,25,20,0,0,0,0,0,0,0,0,0,0,0,0,0,0,0,0,0,0,0,0,0
10106,28,1,0,7,25,20,28,25,20,7,25,20,0,0,0,0,0,0,0,0,0,0,0,0,0,0,0,0,0,0,0,0,0
10107,28,3,0,6,25,20,28,25,20,6,25,20,0,0,0,0,0,0,0,0,0,0,0,0,0,0,0,0,0,0,0,0,0
10108,26,4,0,28,25,20,26,25,20,28,25,20,0,0,0,0,0,0,0,0,0,0,0,0,0,0,0,0,0,0,0,0,0
10109,31,2,0,16,25,20,31,25,20,16,25,20,0,0,0,0,0,0,0,0,0,0,0,0,0,0,0,0,0,0,0,0,0
10110,31,1,0,6,30,20,31,30,20,6,30,20,0,0,0,0,0,0,0,0,0,0,0,0,0,0,0,0,0,0,0,0,0
10111,6,3,0,38,30,20,6,30,20,38,30,20,0,0,0,0,0,0,0,0,0,0,0,0,0,0,0,0,0,0,0,0,0
10112,38,2,0,28,30,20,38,30,20,28,30,20,0,0,0,0,0,0,0,0,0,0,0,0,0,0,0,0,0,0,0,0,0
10113,62,1,0,16,30,20,62,30,20,16,30,20,0,0,0,0,0,0,0,0,0,0,0,0,0,0,0,0,0,0,0,0,0
10114,62,2,0,31,30,20,62,30,20,31,30,20,0,0,0,0,0,0,0,0,0,0,0,0,0,0,0,0,0,0,0,0,0
10115,28,4,0,62,30,20,28,30,20,62,30,20,0,0,0,0,0,0,0,0,0,0,0,0,0,0,0,0,0,0,0,0,0
10116,9,2,0,38,35,20,9,35,20,38,35,20,0,0,0,0,0,0,0,0,0,0,0,0,0,0,0,0,0,0,0,0,0
10117,9,1,0,9,35,20,9,35,20,9,35,20,0,0,0,0,0,0,0,0,0,0,0,0,0,0,0,0,0,0,0,0,0
10118,9,3,0,28,35,20,9,35,20,28,35,20,0,0,0,0,0,0,0,0,0,0,0,0,0,0,0,0,0,0,0,0,0
10201,59,1,0,31,37,20,59,37,20,31,37,20,0,0,0,0,0,0,0,0,0,0,0,0,0,0,0,0,0,0,0,0,0
10202,9,1,0,1,37,20,9,37,20,1,37,20,0,0,0,0,0,0,0,0,0,0,0,0,0,0,0,0,0,0,0,0,0
10203,38,2,0,59,37,20,38,37,20,59,37,20,0,0,0,0,0,0,0,0,0,0,0,0,0,0,0,0,0,0,0,0,0
10204,1,3,0,1,37,20,1,37,20,1,37,20,0,0,0,0,0,0,0,0,0,0,0,0,0,0,0,0,0,0,0,0,0
10205,137,1,0,59,37,20,137,37,20,59,37,20,0,0,0,0,0,0,0,0,0,0,0,0,0,0,0,0,0,0,0,0,0
10206,137,4,0,7,40,20,137,40,20,7,40,20,0,0,0,0,0,0,0,0,0,0,0,0,0,0,0,0,0,0,0,0,0
10207,59,4,0,137,40,20,59,40,20,137,40,20,0,0,0,0,0,0,0,0,0,0,0,0,0,0,0,0,0,0,0,0,0
10208,137,2,0,31,40,20,137,40,20,28,40,20,0,0,0,0,0,0,0,0,0,0,0,0,0,0,0,0,0,0,0,0,0
10209,4,1,0,26,40,20,4,40,20,26,40,20,0,0,0,0,0,0,0,0,0,0,0,0,0,0,0,0,0,0,0,0,0
10210,4,4,0,31,40,20,4,40,20,31,40,20,0,0,0,0,0,0,0,0,0,0,0,0,0,0,0,0,0,0,0,0,0
10211,16,2,0,4,42,20,16,42,20,4,42,20,0,0,0,0,0,0,0,0,0,0,0,0,0,0,0,0,0,0,0,0,0
10212,4,3,0,62,42,20,4,42,20,137,42,20,0,0,0,0,0,0,0,0,0,0,0,0,0,0,0,0,0,0,0,0,0
10213,14,2,0,9,42,20,14,42,20,9,42,20,0,0,0,0,0,0,0,0,0,0,0,0,0,0,0,0,0,0,0,0,0
10214,14,1,0,1,42,20,14,42,20,1,42,20,0,0,0,0,0,0,0,0,0,0,0,0,0,0,0,0,0,0,0,0,0
10215,59,1,0,14,42,20,59,42,20,14,42,20,0,0,0,0,0,0,0,0,0,0,0,0,0,0,0,0,0,0,0,0,0
10216,14,3,0,38,45,20,14,45,20,62,45,20,0,0,0,0,0,0,0,0,0,0,0,0,0,0,0,0,0,0,0,0,0
10217,53,1,0,9,45,20,53,45,20,9,45,20,0,0,0,0,0,0,0,0,0,0,0,0,0,0,0,0,0,0,0,0,0
10218,53,2,0,28,45,20,53,45,20,28,45,20,0,0,0,0,0,0,0,0,0,0,0,0,0,0,0,0,0,0,0,0,0
10219,53,3,0,1,45,20,53,45,20,6,45,20,0,0,0,0,0,0,0,0,0,0,0,0,0,0,0,0,0,0,0,0,0
10220,7,2,0,53,45,20,7,45,20,53,45,20,0,0,0,0,0,0,0,0,0,0,0,0,0,0,0,0,0,0,0,0,0
10301,32,4,0,38,47,20,32,47,20,38,47,20,0,0,0,0,0,0,0,0,0,0,0,0,0,0,0,0,0,0,0,0,0
10302,45,2,0,1,47,20,45,47,20,1,47,20,0,0,0,0,0,0,0,0,0,0,0,0,0,0,0,0,0,0,0,0,0
10303,32,3,0,137,47,20,32,47,20,137,47,20,0,0,0,0,0,0,0,0,0,0,0,0,0,0,0,0,0,0,0,0,0
10304,45,4,0,14,47,20,45,47,20,14,47,20,0,0,0,0,0,0,0,0,0,0,0,0,0,0,0,0,0,0,0,0,0
10305,103,1,0,6,47,20,103,47,20,6,47,20,0,0,0,0,0,0,0,0,0,0,0,0,0,0,0,0,0,0,0,0,0
10306,103,3,0,53,50,20,103,50,20,53,50,20,0,0,0,0,0,0,0,0,0,0,0,0,0,0,0,0,0,0,0,0,0
10307,4,1,0,103,50,20,4,50,20,103,50,20,0,0,0,0,0,0,0,0,0,0,0,0,0,0,0,0,0,0,0,0,0
10308,103,1,0,31,50,20,103,50,20,26,50,20,0,0,0,0,0,0,0,0,0,0,0,0,0,0,0,0,0,0,0,0,0
10309,19,2,0,53,50,20,19,50,20,53,50,20,0,0,0,0,0,0,0,0,0,0,0,0,0,0,0,0,0,0,0,0,0
10310,19,1,0,32,50,20,19,50,20,32,50,20,0,0,0,0,0,0,0,0,0,0,0,0,0,0,0,0,0,0,0,0,0
10311,45,1,0,19,52,20,45,52,20,19,52,20,0,0,0,0,0,0,0,0,0,0,0,0,0,0,0,0,0,0,0,0,0
10312,19,2,0,14,52,20,19,52,20,9,52,20,0,0,0,0,0,0,0,0,0,0,0,0,0,0,0,0,0,0,0,0,0
10313,14,4,0,16,52,20,14,52,20,16,52,20,0,0,0,0,0,0,0,0,0,0,0,0,0,0,0,0,0,0,0,0,0
10314,14,1,0,62,52,20,14,52,20,62,52,20,0,0,0,0,0,0,0,0,0,0,0,0,0,0,0,0,0,0,0,0,0
10315,53,2,0,14,52,20,53,52,20,14,52,20,0,0,0,0,0,0,0,0,0,0,0,0,0,0,0,0,0,0,0,0,0
10316,14,2,0,7,55,20,14,55,20,137,55,20,0,0,0,0,0,0,0,0,0,0,0,0,0,0,0,0,0,0,0,0,0
10317,141,1,0,16,55,20,141,55,20,16,55,20,0,0,0,0,0,0,0,0,0,0,0,0,0,0,0,0,0,0,0,0,0
10318,141,2,0,4,55,20,141,55,20,4,55,20,0,0,0,0,0,0,0,0,0,0,0,0,0,0,0,0,0,0,0,0,0
10319,59,1,0,141,55,20,59,55,20,141,55,20,0,0,0,0,0,0,0,0,0,0,0,0,0,0,0,0,0,0,0,0,0
10320,141,3,0,62,55,20,141,55,20,7,55,20,0,0,0,0,0,0,0,0,0,0,0,0,0,0,0,0,0,0,0,0,0
10401,10007,2,0,7,57,20,10007,57,20,7,57,20,0,0,0,0,0,0,0,0,0,0,0,0,0,0,0,0,0,0,0,0,0
10402,10007,1,0,137,57,20,10007,57,20,137,57,20,0,0,0,0,0,0,0,0,0,0,0,0,0,0,0,0,0,0,0,0,0
10403,38,1,0,10007,57,20,38,57,20,10007,57,20,0,0,0,0,0,0,0,0,0,0,0,0,0,0,0,0,0,0,0,0,0
10404,10007,2,0,32,57,20,10007,57,20,14,57,20,0,0,0,0,0,0,0,0,0,0,0,0,0,0,0,0,0,0,0,0,0
10405,152,1,0,14,57,20,152,57,20,14,57,20,0,0,0,0,0,0,0,0,0,0,0,0,0,0,0,0,0,0,0,0,0
10406,152,4,0,62,60,20,152,60,20,62,60,20,0,0,0,0,0,0,0,0,0,0,0,0,0,0,0,0,0,0,0,0,0
10407,141,3,0,152,60,20,141,60,20,152,60,20,0,0,0,0,0,0,0,0,0,0,0,0,0,0,0,0,0,0,0,0,0
10408,152,2,0,4,60,20,152,60,20,59,60,20,0,0,0,0,0,0,0,0,0,0,0,0,0,0,0,0,0,0,0,0,0
10409,5,1,0,45,60,20,5,60,20,45,60,20,0,0,0,0,0,0,0,0,0,0,0,0,0,0,0,0,0,0,0,0,0
10410,5,2,0,32,60,20,5,60,20,32,60,20,0,0,0,0,0,0,0,0,0,0,0,0,0,0,0,0,0,0,0,0,0
10411,59,3,0,5,62,20,59,62,20,5,62,20,0,0,0,0,0,0,0,0,0,0,0,0,0,0,0,0,0,0,0,0,0
10412,5,4,0,9,62,20,5,62,20,6,62,20,0,0,0,0,0,0,0,0,0,0,0,0,0,0,0,0,0,0,0,0,0
10413,3,1,0,1,62,20,3,62,20,1,62,20,0,0,0,0,0,0,0,0,0,0,0,0,0,0,0,0,0,0,0,0,0
10414,3,2,0,53,62,20,3,62,20,53,62,20,0,0,0,0,0,0,0,0,0,0,0,0,0,0,0,0,0,0,0,0,0
10415,103,2,0,3,62,20,103,62,20,3,62,20,0,0,0,0,0,0,0,0,0,0,0,0,0,0,0,0,0,0,0,0,0
10416,3,1,0,19,65,20,3,65,20,14,65,20,0,0,0,0,0,0,0,0,0,0,0,0,0,0,0,0,0,0,0,0,0
10417,145,3,0,14,65,20,145,65,20,14,65,20,0,0,0,0,0,0,0,0,0,0,0,0,0,0,0,0,0,0,0,0,0
10418,60,4,0,59,65,20,60,65,20,59,65,20,0,0,0,0,0,0,0,0,0,0,0,0,0,0,0,0,0,0,0,0,0
10419,152,2,0,145,65,20,152,65,20,145,65,20,0,0,0,0,0,0,0,0,0,0,0,0,0,0,0,0,0,0,0,0,0
10420,141,1,0,60,65,20,141,65,20,60,65,20,0,0,0,0,0,0,0,0,0,0,0,0,0,0,0,0,0,0,0,0,0
10501,10016,1,0,16,67,20,10016,67,20,16,67,20,0,0,0,0,0,0,0,0,0,0,0,0,0,0,0,0,0,0,0,0,0
10502,10016,3,0,4,67,20,10016,67,20,4,67,20,0,0,0,0,0,0,0,0,0,0,0,0,0,0,0,0,0,0,0,0,0
10503,10016,2,0,19,67,20,10016,67,20,14,67,20,0,0,0,0,0,0,0,0,0,0,0,0,0,0,0,0,0,0,0,0,0
10504,141,1,0,10016,67,20,141,67,20,10016,67,20,0,0,0,0,0,0,0,0,0,0,0,0,0,0,0,0,0,0,0,0,0
10505,29,1,0,10007,67,20,29,67,20,10007,67,20,0,0,0,0,0,0,0,0,0,0,0,0,0,0,0,0,0,0,0,0,0
10506,29,3,0,14,70,20,29,70,20,14,70,20,0,0,0,0,0,0,0,0,0,0,0,0,0,0,0,0,0,0,0,0,0
10507,29,1,0,3,70,20,29,70,20,1,70,20,0,0,0,0,0,0,0,0,0,0,0,0,0,0,0,0,0,0,0,0,0
10508,60,1,0,29,70,20,60,70,20,29,70,20,0,0,0,0,0,0,0,0,0,0,0,0,0,0,0,0,0,0,0,0,0
10509,20,1,0,5,70,20,20,70,20,5,70,20,0,0,0,0,0,0,0,0,0,0,0,0,0,0,0,0,0,0,0,0,0
10510,20,4,0,26,70,20,20,70,20,26,70,20,0,0,0,0,0,0,0,0,0,0,0,0,0,0,0,0,0,0,0,0,0
10511,20,2,0,60,72,20,20,72,20,152,72,20,0,0,0,0,0,0,0,0,0,0,0,0,0,0,0,0,0,0,0,0,0
10512,145,3,0,20,72,20,145,72,20,20,72,20,0,0,0,0,0,0,0,0,0,0,0,0,0,0,0,0,0,0,0,0,0
10513,49,1,0,5,72,20,49,72,20,5,72,20,0,0,0,0,0,0,0,0,0,0,0,0,0,0,0,0,0,0,0,0,0
10514,49,1,0,45,72,20,49,72,20,45,72,20,0,0,0,0,0,0,0,0,0,0,0,0,0,0,0,0,0,0,0,0,0
10515,49,2,0,3,72,20,49,72,20,3,72,20,0,0,0,0,0,0,0,0,0,0,0,0,0,0,0,0,0,0,0,0,0
10516,45,3,0,49,75,20,45,75,20,49,75,20,0,0,0,0,0,0,0,0,0,0,0,0,0,0,0,0,0,0,0,0,0
10517,136,4,0,45,75,20,136,75,20,45,75,20,0,0,0,0,0,0,0,0,0,0,0,0,0,0,0,0,0,0,0,0,0
10518,55,1,0,53,75,20,55,75,20,53,75,20,0,0,0,0,0,0,0,0,0,0,0,0,0,0,0,0,0,0,0,0,0
10519,103,1,0,55,75,20,103,75,20,55,75,20,0,0,0,0,0,0,0,0,0,0,0,0,0,0,0,0,0,0,0,0,0
10520,60,1,0,136,75,20,60,75,20,136,75,20,0,0,0,0,0,0,0,0,0,0,0,0,0,0,0,0,0,0,0,0,0
20101,10,5,0,145,77,20,10,77,20,10,77,20,145,77,20,0,0,0,0,0,0,0,0,0,0,0,0,0,0,0,0,0,0
20102,10,6,0,29,77,20,10,77,20,10,77,20,29,77,20,0,0,0,0,0,0,0,0,0,0,0,0,0,0,0,0,0,0
20103,10,7,0,55,77,20,10,77,20,10,77,20,53,77,20,0,0,0,0,0,0,0,0,0,0,0,0,0,0,0,0,0,0
20104,20,5,0,10,77,20,20,77,20,20,77,20,10,77,20,0,0,0,0,0,0,0,0,0,0,0,0,0,0,0,0,0,0
20105,17,5,0,10007,77,20,17,77,20,17,77,20,10007,77,20,0,0,0,0,0,0,0,0,0,0,0,0,0,0,0,0,0,0
20106,17,6,0,3,80,20,17,80,20,17,80,20,3,80,20,0,0,0,0,0,0,0,0,0,0,0,0,0,0,0,0,0,0
20107,17,9,0,103,80,20,17,80,20,17,80,20,19,80,20,0,0,0,0,0,0,0,0,0,0,0,0,0,0,0,0,0,0
20108,152,10,0,17,80,20,152,80,20,152,80,20,17,80,20,0,0,0,0,0,0,0,0,0,0,0,0,0,0,0,0,0,0
20109,27,6,0,5,80,20,27,80,20,27,80,20,5,80,20,0,0,0,0,0,0,0,0,0,0,0,0,0,0,0,0,0,0
20110,27,10,0,45,80,20,27,80,20,27,80,20,45,80,20,0,0,0,0,0,0,0,0,0,0,0,0,0,0,0,0,0,0
20111,27,10,0,32,82,20,27,82,20,27,82,20,38,82,20,0,0,0,0,0,0,0,0,0,0,0,0,0,0,0,0,0,0
20112,136,5,0,27,82,20,136,82,20,136,82,20,27,82,20,0,0,0,0,0,0,0,0,0,0,0,0,0,0,0,0,0,0
20113,41,8,0,49,82,20,41,82,20,41,82,20,49,82,20,0,0,0,0,0,0,0,0,0,0,0,0,0,0,0,0,0,0
20114,41,6,0,136,82,20,41,82,20,41,82,20,136,82,20,0,0,0,0,0,0,0,0,0,0,0,0,0,0,0,0,0,0
20115,41,7,0,60,82,20,41,82,20,41,82,20,4,82,20,0,0,0,0,0,0,0,0,0,0,0,0,0,0,0,0,0,0
20116,27,6,0,41,85,20,27,85,20,27,85,20,41,85,20,0,0,0,0,0,0,0,0,0,0,0,0,0,0,0,0,0,0
20117,35,5,0,14,85,20,35,85,20,35,85,20,14,85,20,0,0,0,0,0,0,0,0,0,0,0,0,0,0,0,0,0,0
20118,36,8,0,1,85,20,36,85,20,36,85,20,1,85,20,0,0,0,0,0,0,0,0,0,0,0,0,0,0,0,0,0,0
20119,36,9,0,35,85,20,36,85,20,36,85,20,35,85,20,0,0,0,0,0,0,0,0,0,0,0,0,0,0,0,0,0,0
20120,35,6,0,36,85,20,35,85,20,35,85,20,36,85,20,0,0,0,0,0,0,0,0,0,0,0,0,0,0,0,0,0,0
20201,44,8,0,6,87,20,44,87,20,44,87,20,6,87,20,0,0,0,0,0,0,0,0,0,0,0,0,0,0,0,0,0,0
20202,44,5,0,60,87,20,44,87,20,44,87,20,60,87,20,0,0,0,0,0,0,0,0,0,0,0,0,0,0,0,0,0,0
20203,44,7,0,10016,87,20,44,87,20,44,87,20,10007,87,20,0,0,0,0,0,0,0,0,0,0,0,0,0,0,0,0,0,0
20204,56,8,0,44,87,20,56,87,20,56,87,20,44,87,20,0,0,0,0,0,0,0,0,0,0,0,0,0,0,0,0,0,0
20205,56,10,0,137,87,20,56,87,20,56,87,20,137,87,20,0,0,0,0,0,0,0,0,0,0,0,0,0,0,0,0,0,0
20206,56,9,0,20,90,20,56,90,20,56,90,20,20,90,20,0,0,0,0,0,0,0,0,0,0,0,0,0,0,0,0,0,0
20207,56,6,0,45,90,20,56,90,20,56,90,20,32,90,20,0,0,0,0,0,0,0,0,0,0,0,0,0,0,0,0,0,0
20208,64,9,0,56,90,20,64,90,20,64,90,20,56,90,20,0,0,0,0,0,0,0,0,0,0,0,0,0,0,0,0,0,0
20209,64,10,0,14,90,20,64,90,20,64,90,20,14,90,20,0,0,0,0,0,0,0,0,0,0,0,0,0,0,0,0,0,0
20210,64,6,0,17,90,20,64,90,20,64,90,20,17,90,20,0,0,0,0,0,0,0,0,0,0,0,0,0,0,0,0,0,0
20211,64,7,0,145,92,20,64,92,20,64,92,20,152,92,20,0,0,0,0,0,0,0,0,0,0,0,0,0,0,0,0,0,0
20212,149,5,0,64,92,20,149,92,20,149,92,20,64,92,20,0,0,0,0,0,0,0,0,0,0,0,0,0,0,0,0,0,0
20213,149,6,0,35,92,20,149,92,20,149,92,20,35,92,20,0,0,0,0,0,0,0,0,0,0,0,0,0,0,0,0,0,0
20214,149,10,0,17,92,20,149,92,20,149,92,20,17,92,20,0,0,0,0,0,0,0,0,0,0,0,0,0,0,0,0,0,0
20215,149,9,0,3,92,20,149,92,20,149,92,20,1,92,20,0,0,0,0,0,0,0,0,0,0,0,0,0,0,0,0,0,0
20216,50,6,0,149,95,20,50,95,20,50,95,20,149,95,20,0,0,0,0,0,0,0,0,0,0,0,0,0,0,0,0,0,0
20217,37,8,0,44,95,20,37,95,20,37,95,20,44,95,20,0,0,0,0,0,0,0,0,0,0,0,0,0,0,0,0,0,0
20218,50,8,0,41,95,20,50,95,20,50,95,20,41,95,20,0,0,0,0,0,0,0,0,0,0,0,0,0,0,0,0,0,0
20219,50,5,0,37,95,20,50,95,20,50,95,20,37,95,20,0,0,0,0,0,0,0,0,0,0,0,0,0,0,0,0,0,0
20220,37,7,0,50,95,20,37,95,20,37,95,20,50,95,20,0,0,0,0,0,0,0,0,0,0,0,0,0,0,0,0,0,0
20301,42,5,0,10,97,20,42,97,20,42,97,20,10,97,20,0,0,0,0,0,0,0,0,0,0,0,0,0,0,0,0,0,0
20302,42,5,0,149,97,20,42,97,20,42,97,20,149,97,20,0,0,0,0,0,0,0,0,0,0,0,0,0,0,0,0,0,0
20303,42,8,0,20,97,20,42,97,20,42,97,20,29,97,20,0,0,0,0,0,0,0,0,0,0,0,0,0,0,0,0,0,0
20304,25,6,0,42,97,20,25,97,20,25,97,20,42,97,20,0,0,0,0,0,0,0,0,0,0,0,0,0,0,0,0,0,0
20305,25,5,0,35,97,20,25,97,20,25,97,20,35,97,20,0,0,0,0,0,0,0,0,0,0,0,0,0,0,0,0,0,0
20306,25,9,0,41,100,20,25,100,20,25,100,20,41,100,20,0,0,0,0,0,0,0,0,0,0,0,0,0,0,0,0,0,0
20307,25,10,0,137,100,20,25,100,20,25,100,20,64,100,20,0,0,0,0,0,0,0,0,0,0,0,0,0,0,0,0,0,0
20308,10059,10,0,25,100,20,10059,100,20,10059,100,20,25,100,20,0,0,0,0,0,0,0,0,0,0,0,0,0,0,0,0,0,0
20309,10059,10,0,59,100,20,10059,100,20,10059,100,20,59,100,20,0,0,0,0,0,0,0,0,0,0,0,0,0,0,0,0,0,0
20310,10059,10,0,27,100,20,10059,100,20,10059,100,20,27,100,20,0,0,0,0,0,0,0,0,0,0,0,0,0,0,0,0,0,0
20311,10059,7,0,10,102,20,10059,102,20,10059,102,20,60,102,20,0,0,0,0,0,0,0,0,0,0,0,0,0,0,0,0,0,0
20312,146,9,0,10059,102,20,146,102,20,146,102,20,10059,102,20,0,0,0,0,0,0,0,0,0,0,0,0,0,0,0,0,0,0
20313,146,10,0,17,102,20,146,102,20,146,102,20,17,102,20,0,0,0,0,0,0,0,0,0,0,0,0,0,0,0,0,0,0
20314,146,6,0,36,102,20,146,102,20,146,102,20,36,102,20,0,0,0,0,0,0,0,0,0,0,0,0,0,0,0,0,0,0
20315,146,5,0,136,102,20,146,102,20,146,102,20,5,102,20,0,0,0,0,0,0,0,0,0,0,0,0,0,0,0,0,0,0
20316,10045,5,0,146,105,20,10045,105,20,10045,105,20,146,105,20,0,0,0,0,0,0,0,0,0,0,0,0,0,0,0,0,0,0
20317,10045,10,0,45,105,20,10045,105,20,10045,105,20,45,105,20,0,0,0,0,0,0,0,0,0,0,0,0,0,0,0,0,0,0
20318,144,5,0,64,105,20,144,105,20,144,105,20,64,105,20,0,0,0,0,0,0,0,0,0,0,0,0,0,0,0,0,0,0
20319,10045,7,0,144,105,20,10045,105,20,10045,105,20,144,105,20,0,0,0,0,0,0,0,0,0,0,0,0,0,0,0,0,0,0
20320,144,9,0,10045,105,20,144,105,20,144,105,20,10045,105,20,0,0,0,0,0,0,0,0,0,0,0,0,0,0,0,0,0,0
20401,139,6,0,144,107,20,139,107,20,139,107,20,144,107,20,0,0,0,0,0,0,0,0,0,0,0,0,0,0,0,0,0,0
20402,139,9,0,25,107,20,139,107,20,139,107,20,25,107,20,0,0,0,0,0,0,0,0,0,0,0,0,0,0,0,0,0,0
20403,139,8,0,42,107,20,139,107,20,139,107,20,146,107,20,0,0,0,0,0,0,0,0,0,0,0,0,0,0,0,0,0,0
20404,10001,5,0,139,107,20,10001,107,20,10001,107,20,139,107,20,0,0,0,0,0,0,0,0,0,0,0,0,0,0,0,0,0,0
20405,10001,8,0,1,107,20,10001,107,20,10001,107,20,1,107,20,0,0,0,0,0,0,0,0,0,0,0,0,0,0,0,0,0,0
20406,10001,8,0,37,110,20,10001,110,20,10001,110,20,37,110,20,0,0,0,0,0,0,0,0,0,0,0,0,0,0,0,0,0,0
20407,10001,7,0,44,110,20,10001,110,20,10001,110,20,10059,110,20,0,0,0,0,0,0,0,0,0,0,0,0,0,0,0,0,0,0
20408,10103,8,0,10001,110,20,10103,110,20,10103,110,20,10001,110,20,0,0,0,0,0,0,0,0,0,0,0,0,0,0,0,0,0,0
20409,10103,9,0,103,110,20,10103,110,20,10103,110,20,103,110,20,0,0,0,0,0,0,0,0,0,0,0,0,0,0,0,0,0,0
20410,10103,5,0,149,110,20,10103,110,20,10103,110,20,149,110,20,0,0,0,0,0,0,0,0,0,0,0,0,0,0,0,0,0,0
20411,10103,7,0,35,112,20,10103,112,20,10103,112,20,50,112,20,0,0,0,0,0,0,0,0,0,0,0,0,0,0,0,0,0,0
20412,10006,8,0,10103,112,20,10006,112,20,10006,112,20,10103,112,20,0,0,0,0,0,0,0,0,0,0,0,0,0,0,0,0,0,0
20413,10006,8,0,6,112,20,10006,112,20,10006,112,20,6,112,20,0,0,0,0,0,0,0,0,0,0,0,0,0,0,0,0,0,0
20414,10006,5,0,44,112,20,10006,112,20,10006,112,20,44,112,20,0,0,0,0,0,0,0,0,0,0,0,0,0,0,0,0,0,0
20415,10006,10,0,146,112,20,10006,112,20,10006,112,20,146,112,20,0,0,0,0,0,0,0,0,0,0,0,0,0,0,0,0,0,0
20416,95,8,0,10006,115,20,95,115,20,95,115,20,10006,115,20,0,0,0,0,0,0,0,0,0,0,0,0,0,0,0,0,0,0
20417,10053,5,0,53,115,20,10053,115,20,10053,115,20,53,115,20,0,0,0,0,0,0,0,0,0,0,0,0,0,0,0,0,0,0
20418,95,6,0,42,115,20,95,115,20,95,115,20,42,115,20,0,0,0,0,0,0,0,0,0,0,0,0,0,0,0,0,0,0
20419,10053,8,0,95,115,20,10053,115,20,10053,115,20,95,115,20,0,0,0,0,0,0,0,0,0,0,0,0,0,0,0,0,0,0
20420,95,9,0,10053,115,20,95,115,20,95,115,20,10053,115,20,0,0,0,0,0,0,0,0,0,0,0,0,0,0,0,0,0,0
20501,10003,8,0,3,117,20,10003,117,20,10003,117,20,3,117,20,0,0,0,0,0,0,0,0,0,0,0,0,0,0,0,0,0,0
20502,10003,5,0,10045,117,20,10003,117,20,10003,117,20,10045,117,20,0,0,0,0,0,0,0,0,0,0,0,0,0,0,0,0,0,0
20503,10003,7,0,139,117,20,10003,117,20,10003,117,20,10006,117,20,0,0,0,0,0,0,0,0,0,0,0,0,0,0,0,0,0,0
20504,10009,8,0,10003,117,20,10009,117,20,10009,117,20,10003,117,20,0,0,0,0,0,0,0,0,0,0,0,0,0,0,0,0,0,0
20505,10009,5,0,9,117,20,10009,117,20,10009,117,20,9,117,20,0,0,0,0,0,0,0,0,0,0,0,0,0,0,0,0,0,0
20506,10009,6,0,10001,120,20,10009,120,20,10009,120,20,10001,120,20,0,0,0,0,0,0,0,0,0,0,0,0,0,0,0,0,0,0
20507,10009,7,0,10053,120,20,10009,120,20,10009,120,20,10103,120,20,0,0,0,0,0,0,0,0,0,0,0,0,0,0,0,0,0,0
20508,40,6,0,10009,120,20,40,120,20,40,120,20,10009,120,20,0,0,0,0,0,0,0,0,0,0,0,0,0,0,0,0,0,0
20509,40,10,0,139,120,20,40,120,20,40,120,20,139,120,20,0,0,0,0,0,0,0,0,0,0,0,0,0,0,0,0,0,0
20510,40,9,0,64,120,20,40,120,20,40,120,20,64,120,20,0,0,0,0,0,0,0,0,0,0,0,0,0,0,0,0,0,0
20511,40,10,0,144,122,20,40,122,20,40,122,20,95,122,20,0,0,0,0,0,0,0,0,0,0,0,0,0,0,0,0,0,0
20512,10026,5,0,40,122,20,10026,122,20,10026,122,20,40,122,20,0,0,0,0,0,0,0,0,0,0,0,0,0,0,0,0,0,0
20513,10026,7,0,26,122,20,10026,122,20,10026,122,20,26,122,20,0,0,0,0,0,0,0,0,0,0,0,0,0,0,0,0,0,0
20514,10026,8,0,56,122,20,10026,122,20,10026,122,20,56,122,20,0,0,0,0,0,0,0,0,0,0,0,0,0,0,0,0,0,0
20515,10026,9,0,10016,122,20,10026,122,20,10026,122,20,10016,122,20,0,0,0,0,0,0,0,0,0,0,0,0,0,0,0,0,0,0
20516,135,5,0,10026,125,20,135,125,20,135,125,20,10026,125,20,0,0,0,0,0,0,0,0,0,0,0,0,0,0,0,0,0,0
20517,135,8,0,95,125,20,135,125,20,135,125,20,95,125,20,0,0,0,0,0,0,0,0,0,0,0,0,0,0,0,0,0,0
20518,10028,8,0,28,125,20,10028,125,20,10028,125,20,28,125,20,0,0,0,0,0,0,0,0,0,0,0,0,0,0,0,0,0,0
20519,10028,7,0,135,125,20,10028,125,20,10028,125,20,135,125,20,0,0,0,0,0,0,0,0,0,0,0,0,0,0,0,0,0,0
20520,135,6,0,10028,125,20,135,125,20,135,125,20,10028,125,20,0,0,0,0,0,0,0,0,0,0,0,0,0,0,0,0,0,0
30101,10004,15,0,4,130,20,10004,130,20,10004,130,20,10004,130,20,4,130,20,0,0,0,0,0,0,0,0,0,0,0,0,0,0,0
30102,10004,13,0,10004,130,20,40,130,20,10004,130,20,40,130,20,10004,130,20,0,0,0,0,0,0,0,0,0,0,0,0,0,0,0
30103,10004,11,0,10059,130,20,25,130,20,10004,130,20,25,130,20,10059,130,20,0,0,0,0,0,0,0,0,0,0,0,0,0,0,0
30104,10101,12,0,10101,130,20,25,130,20,10004,130,20,25,130,20,10101,130,20,0,0,0,0,0,0,0,0,0,0,0,0,0,0,0
30105,10101,15,0,10101,130,20,10101,130,20,10101,130,20,10101,130,20,10101,130,20,0,0,0,0,0,0,0,0,0,0,0,0,0,0,0
30106,10101,14,0,10006,135,20,10101,135,20,10006,135,20,10101,135,20,10006,135,20,0,0,0,0,0,0,0,0,0,0,0,0,0,0,0
30107,10101,11,0,10053,135,20,10028,135,20,10101,135,20,10028,135,20,10053,135,20,0,0,0,0,0,0,0,0,0,0,0,0,0,0,0
30108,10020,13,0,10101,135,20,10020,135,20,10101,135,20,10020,135,20,10101,135,20,0,0,0,0,0,0,0,0,0,0,0,0,0,0,0
30109,10020,16,0,20,135,20,10020,135,20,10020,135,20,20,135,20,20,135,20,0,0,0,0,0,0,0,0,0,0,0,0,0,0,0
30110,10020,19,0,10026,135,20,10026,135,20,10020,135,20,10026,135,20,10026,135,20,0,0,0,0,0,0,0,0,0,0,0,0,0,0,0
30111,10020,12,0,135,140,20,95,140,20,10020,140,20,95,140,20,135,140,20,0,0,0,0,0,0,0,0,0,0,0,0,0,0,0
30112,10029,14,0,10020,140,20,10029,140,20,10020,140,20,10029,140,20,10020,140,20,0,0,0,0,0,0,0,0,0,0,0,0,0,0,0
30113,10029,15,0,29,140,20,10029,140,20,10029,140,20,29,140,20,29,140,20,0,0,0,0,0,0,0,0,0,0,0,0,0,0,0
30114,10029,13,0,10029,140,20,42,140,20,10029,140,20,42,140,20,10029,140,20,0,0,0,0,0,0,0,0,0,0,0,0,0,0,0
30115,10029,11,0,10045,140,20,41,140,20,10029,140,20,41,140,20,10045,140,20,0,0,0,0,0,0,0,0,0,0,0,0,0,0,0
30116,10031,13,0,10029,145,20,10031,145,20,10029,145,20,10031,145,20,10029,145,20,0,0,0,0,0,0,0,0,0,0,0,0,0,0,0
30117,10031,14,0,31,145,20,10031,145,20,10031,145,20,31,145,20,31,145,20,0,0,0,0,0,0,0,0,0,0,0,0,0,0,0
30118,10031,11,0,10004,145,20,10031,145,20,10031,145,20,10031,145,20,10004,145,20,0,0,0,0,0,0,0,0,0,0,0,0,0,0,0
30119,10031,12,0,10026,145,20,50,145,20,10031,145,20,50,145,20,10026,145,20,0,0,0,0,0,0,0,0,0,0,0,0,0,0,0
30120,10038,13,0,10031,145,20,10038,145,20,10031,145,20,10038,145,20,10031,145,20,0,0,0,0,0,0,0,0,0,0,0,0,0,0,0
30201,10038,17,0,38,150,20,10038,150,20,10038,150,20,38,150,20,38,150,20,0,0,0,0,0,0,0,0,0,0,0,0,0,0,0
30202,10038,19,0,10028,150,20,10028,150,20,10038,150,20,10028,150,20,10028,150,20,0,0,0,0,0,0,0,0,0,0,0,0,0,0,0
30203,10038,12,0,10003,150,20,109,150,20,10038,150,20,109,150,20,10003,150,20,0,0,0,0,0,0,0,0,0,0,0,0,0,0,0
30204,10005,14,0,10038,150,20,10005,150,20,38,150,20,10005,150,20,10038,150,20,0,0,0,0,0,0,0,0,0,0,0,0,0,0,0
30205,10005,15,0,10005,150,20,5,150,20,10005,150,20,5,150,20,10005,150,20,0,0,0,0,0,0,0,0,0,0,0,0,0,0,0
30206,10005,13,0,10005,155,20,135,155,20,10005,155,20,135,155,20,10005,155,20,0,0,0,0,0,0,0,0,0,0,0,0,0,0,0
30207,10005,11,0,10020,155,20,10029,155,20,10005,155,20,10029,155,20,10020,155,20,0,0,0,0,0,0,0,0,0,0,0,0,0,0,0
30208,10027,19,0,10005,155,20,10005,155,20,10027,155,20,10005,155,20,10005,155,20,0,0,0,0,0,0,0,0,0,0,0,0,0,0,0
30209,10027,17,0,27,155,20,10027,155,20,10027,155,20,10027,155,20,27,155,20,0,0,0,0,0,0,0,0,0,0,0,0,0,0,0
30210,10027,13,0,10001,155,20,10027,155,20,10001,155,20,10027,155,20,10001,155,20,0,0,0,0,0,0,0,0,0,0,0,0,0,0,0
30211,10027,17,0,139,160,20,139,160,20,10027,160,20,146,160,20,146,160,20,0,0,0,0,0,0,0,0,0,0,0,0,0,0,0
30212,10049,14,0,10027,160,20,10049,160,20,10027,160,20,10049,160,20,10027,160,20,0,0,0,0,0,0,0,0,0,0,0,0,0,0,0
30213,10049,15,0,10049,160,20,49,160,20,10049,160,20,49,160,20,10049,160,20,0,0,0,0,0,0,0,0,0,0,0,0,0,0,0
30214,10049,13,0,10049,160,20,10031,160,20,10049,160,20,10031,160,20,10049,160,20,0,0,0,0,0,0,0,0,0,0,0,0,0,0,0
30215,10049,11,0,10004,160,20,10101,160,20,10049,160,20,10101,160,20,10004,160,20,0,0,0,0,0,0,0,0,0,0,0,0,0,0,0
30216,80,14,0,80,165,20,10049,165,20,80,165,20,10049,165,20,80,165,20,0,0,0,0,0,0,0,0,0,0,0,0,0,0,0
30217,80,18,0,80,165,20,80,165,20,80,165,20,80,165,20,80,165,20,0,0,0,0,0,0,0,0,0,0,0,0,0,0,0
30218,80,14,0,10101,165,20,80,165,20,80,165,20,80,165,20,10101,165,20,0,0,0,0,0,0,0,0,0,0,0,0,0,0,0
30219,80,12,0,80,165,20,10053,165,20,40,165,20,10053,165,20,80,165,20,0,0,0,0,0,0,0,0,0,0,0,0,0,0,0
30220,10137,13,0,80,165,20,10137,165,20,80,165,20,10137,165,20,80,165,20,0,0,0,0,0,0,0,0,0,0,0,0,0,0,0
30301,10137,17,0,40,170,20,10137,170,20,10137,170,20,10137,170,20,40,170,20,0,0,0,0,0,0,0,0,0,0,0,0,0,0,0
30302,10137,16,0,10137,170,20,137,170,20,10137,170,20,137,170,20,10137,170,20,0,0,0,0,0,0,0,0,0,0,0,0,0,0,0
30303,10137,11,0,10027,170,20,10137,170,20,10005,170,20,10137,170,20,10027,170,20,0,0,0,0,0,0,0,0,0,0,0,0,0,0,0
30304,10145,14,0,10137,170,20,10145,170,20,10145,170,20,10145,170,20,10137,170,20,0,0,0,0,0,0,0,0,0,0,0,0,0,0,0
30305,10145,18,0,145,170,20,145,170,20,10145,170,20,145,170,20,145,170,20,0,0,0,0,0,0,0,0,0,0,0,0,0,0,0
30306,10145,13,0,10020,175,20,10145,175,20,10020,175,20,10145,175,20,10020,175,20,0,0,0,0,0,0,0,0,0,0,0,0,0,0,0
30307,10145,12,0,10145,175,20,10004,175,20,10031,175,20,10004,175,20,10145,175,20,0,0,0,0,0,0,0,0,0,0,0,0,0,0,0
30308,10017,19,0,10017,175,20,10017,175,20,10145,175,20,10017,175,20,10145,175,20,0,0,0,0,0,0,0,0,0,0,0,0,0,0,0
30309,10017,13,0,17,175,20,10017,175,20,10017,175,20,10017,175,20,17,175,20,0,0,0,0,0,0,0,0,0,0,0,0,0,0,0
30310,10017,13,0,10017,175,20,10038,175,20,10017,175,20,10038,175,20,10017,175,20,0,0,0,0,0,0,0,0,0,0,0,0,0,0,0
30311,10017,11,0,10017,180,20,10028,180,20,10101,180,20,10028,180,20,10017,180,20,0,0,0,0,0,0,0,0,0,0,0,0,0,0,0
30312,10014,15,0,10017,180,20,10014,180,20,10017,180,20,10014,180,20,10017,180,20,0,0,0,0,0,0,0,0,0,0,0,0,0,0,0
30313,10014,13,0,80,180,20,10014,180,20,80,180,20,10014,180,20,80,180,20,0,0,0,0,0,0,0,0,0,0,0,0,0,0,0
30314,10014,16,0,14,180,20,10014,180,20,10014,180,20,10014,180,20,14,180,20,0,0,0,0,0,0,0,0,0,0,0,0,0,0,0
30315,10014,12,0,10049,180,20,10005,180,20,10014,180,20,10005,180,20,10049,180,20,0,0,0,0,0,0,0,0,0,0,0,0,0,0,0
30316,10032,14,0,10032,185,20,10014,185,20,10014,185,20,10014,185,20,10032,185,20,0,0,0,0,0,0,0,0,0,0,0,0,0,0,0
30317,10032,17,0,10032,185,20,32,185,20,10032,185,20,32,185,20,10032,185,20,0,0,0,0,0,0,0,0,0,0,0,0,0,0,0
30318,10032,19,0,10009,185,20,10009,185,20,10032,185,20,10009,185,20,10009,185,20,0,0,0,0,0,0,0,0,0,0,0,0,0,0,0
30319,10032,12,0,10103,185,20,10006,185,20,10032,185,20,10006,185,20,10103,185,20,0,0,0,0,0,0,0,0,0,0,0,0,0,0,0
30320,10055,18,0,10032,185,20,10032,185,20,10055,185,20,10032,185,20,10032,185,20,0,0,0,0,0,0,0,0,0,0,0,0,0,0,0
30401,10055,15,0,55,190,20,10055,190,20,10055,190,20,10055,190,20,55,190,20,0,0,0,0,0,0,0,0,0,0,0,0,0,0,0
30402,10055,13,0,10055,190,20,10145,190,20,10055,190,20,10145,190,20,10055,190,20,0,0,0,0,0,0,0,0,0,0,0,0,0,0,0
30403,10055,11,0,10026,190,20,10031,190,20,10055,190,20,10031,190,20,10026,190,20,0,0,0,0,0,0,0,0,0,0,0,0,0,0,0
30404,10060,13,0,10055,190,20,10060,190,20,10055,190,20,10060,190,20,10055,190,20,0,0,0,0,0,0,0,0,0,0,0,0,0,0,0
30405,10060,17,0,10060,190,20,60,190,20,10060,190,20,60,190,20,10060,190,20,0,0,0,0,0,0,0,0,0,0,0,0,0,0,0
30406,10060,14,0,10060,195,20,10029,195,20,10060,195,20,10029,195,20,10060,195,20,0,0,0,0,0,0,0,0,0,0,0,0,0,0,0
30407,10060,11,0,10060,195,20,10059,195,20,10020,195,20,10059,195,20,10060,195,20,0,0,0,0,0,0,0,0,0,0,0,0,0,0,0
30408,10136,16,0,10060,195,20,10136,195,20,10136,195,20,10136,195,20,10060,195,20,0,0,0,0,0,0,0,0,0,0,0,0,0,0,0
30409,10136,15,0,10136,195,20,136,195,20,10136,195,20,136,195,20,10136,195,20,0,0,0,0,0,0,0,0,0,0,0,0,0,0,0
30410,10136,19,0,10005,195,20,10005,195,20,10136,195,20,10005,195,20,10005,195,20,0,0,0,0,0,0,0,0,0,0,0,0,0,0,0
30411,10136,11,0,10027,200,20,10136,200,20,10049,200,20,10136,200,20,10027,200,20,0,0,0,0,0,0,0,0,0,0,0,0,0,0,0
30412,10141,14,0,10136,200,20,10141,200,20,10136,200,20,10141,200,20,10136,200,20,0,0,0,0,0,0,0,0,0,0,0,0,0,0,0
30413,10141,15,0,10141,200,20,141,200,20,10141,200,20,141,200,20,10141,200,20,0,0,0,0,0,0,0,0,0,0,0,0,0,0,0
30414,10141,13,0,10031,200,20,10141,200,20,10031,200,20,10141,200,20,10031,200,20,0,0,0,0,0,0,0,0,0,0,0,0,0,0,0
30415,10141,11,0,10017,200,20,80,200,20,10141,200,20,80,200,20,10017,200,20,0,0,0,0,0,0,0,0,0,0,0,0,0,0,0
30416,10010,12,0,10141,205,20,10010,205,20,10141,205,20,10010,205,20,10141,205,20,0,0,0,0,0,0,0,0,0,0,0,0,0,0,0
30417,10010,16,0,10,205,20,10010,205,20,10010,205,20,10010,205,20,10,205,20,0,0,0,0,0,0,0,0,0,0,0,0,0,0,0
30418,10010,14,0,10020,205,20,10010,205,20,10010,205,20,10010,205,20,10020,205,20,0,0,0,0,0,0,0,0,0,0,0,0,0,0,0
30419,10010,11,0,10145,205,20,10014,205,20,10010,205,20,10014,205,20,10145,205,20,0,0,0,0,0,0,0,0,0,0,0,0,0,0,0
30420,10041,15,0,10010,205,20,10041,205,20,10010,205,20,10041,205,20,10010,205,20,0,0,0,0,0,0,0,0,0,0,0,0,0,0,0
30501,10041,15,0,41,210,20,10041,210,20,10041,210,20,10041,210,20,41,210,20,0,0,0,0,0,0,0,0,0,0,0,0,0,0,0
30502,10041,13,0,10041,210,20,10032,210,20,10041,210,20,10032,210,20,10041,210,20,0,0,0,0,0,0,0,0,0,0,0,0,0,0,0
30503,10041,12,0,10041,210,20,10136,210,20,10027,210,20,10136,210,20,10041,210,20,0,0,0,0,0,0,0,0,0,0,0,0,0,0,0
30504,10044,15,0,10041,210,20,10044,210,20,10044,210,20,10044,210,20,10041,210,20,0,0,0,0,0,0,0,0,0,0,0,0,0,0,0
30505,10044,19,0,10044,210,20,10044,210,20,44,210,20,10044,210,20,10044,210,20,0,0,0,0,0,0,0,0,0,0,0,0,0,0,0
30506,10044,14,0,56,215,20,10044,215,20,10044,215,20,10044,215,20,56,215,20,0,0,0,0,0,0,0,0,0,0,0,0,0,0,0
30507,10044,11,0,10006,215,20,10044,215,20,10044,215,20,10053,215,20,10053,215,20,0,0,0,0,0,0,0,0,0,0,0,0,0,0,0
30508,10146,13,0,10044,215,20,10146,215,20,10044,215,20,10146,215,20,10044,215,20,0,0,0,0,0,0,0,0,0,0,0,0,0,0,0
30509,10146,17,0,146,215,20,10146,215,20,10146,215,20,10146,215,20,146,215,20,0,0,0,0,0,0,0,0,0,0,0,0,0,0,0
30510,10146,13,0,149,215,20,10146,215,20,149,215,20,10146,215,20,149,215,20,0,0,0,0,0,0,0,0,0,0,0,0,0,0,0
30511,10146,12,0,10146,220,20,80,220,20,10014,220,20,80,220,20,10146,220,20,0,0,0,0,0,0,0,0,0,0,0,0,0,0,0
30512,10042,18,0,10146,220,20,10146,220,20,10042,220,20,10146,220,20,10146,220,20,0,0,0,0,0,0,0,0,0,0,0,0,0,0,0
30513,10042,16,0,10042,220,20,10042,220,20,10042,220,20,42,220,20,42,220,20,0,0,0,0,0,0,0,0,0,0,0,0,0,0,0
30514,10042,13,0,10042,220,20,10060,220,20,10042,220,20,10060,220,20,10042,220,20,0,0,0,0,0,0,0,0,0,0,0,0,0,0,0
30515,10042,11,0,10010,220,20,10145,220,20,10042,220,20,10145,220,20,10010,220,20,0,0,0,0,0,0,0,0,0,0,0,0,0,0,0
30516,10144,15,0,10144,225,20,10042,225,20,10144,225,20,10042,225,20,10144,225,20,0,0,0,0,0,0,0,0,0,0,0,0,0,0,0
30517,10144,19,0,10055,225,20,10055,225,20,10144,225,20,10055,225,20,10055,225,20,0,0,0,0,0,0,0,0,0,0,0,0,0,0,0
30518,10144,13,0,10144,225,20,10141,225,20,10144,225,20,10141,225,20,10144,225,20,0,0,0,0,0,0,0,0,0,0,0,0,0,0,0
30519,10144,11,0,10009,225,20,10001,225,20,10144,225,20,10001,225,20,10009,225,20,0,0,0,0,0,0,0,0,0,0,0,0,0,0,0
30520,10042,14,0,10144,225,20,10042,225,20,10144,225,20,10042,225,20,10144,225,20,0,0,0,0,0,0,0,0,0,0,0,0,0,0,0
990101,10418,1,0,449,1,20,10418,1,20,10449,1,20,0,0,0,0,1,0,0,0,0,0,0,0,0,0,0,0,0,0,0,0,0
990102,10233,1,0,180,1,20,10233,1,20,10180,1,20,0,0,0,0,1,0,0,0,0,0,0,0,0,0,0,0,0,0,0,0,0
990103,10355,1,0,10211,1,20,10355,1,20,10189,1,20,0,0,0,0,1,0,0,0,0,0,0,0,0,0,0,0,0,0,0,0,0
990104,127,4,0,558,1,20,127,1,20,10558,1,20,0,0,0,0,1,0,0,0,0,0,0,0,0,0,0,0,0,0,0,0,0
73,73,4,0,38,25,5,73,25,5,38,25,5,0,0,0,0,0,0,0,0,0,0,0,0,0,0,0,0,0,0,0,0,0
137,137,4,0,7,37,5,137,37,5,7,37,5,0,0,0,0,0,0,0,0,0,0,0,0,0,0,0,0,0,0,0,0,0
47,47,4,0,62,37,5,47,37,5,62,37,5,0,0,0,0,0,0,0,0,0,0,0,0,0,0,0,0,0,0,0,0,0
190,190,4,0,6,47,5,190,47,5,6,47,5,0,0,0,0,0,0,0,0,0,0,0,0,0,0,0,0,0,0,0,0,0
141,141,4,0,152,57,5,141,57,5,152,57,5,0,0,0,0,0,0,0,0,0,0,0,0,0,0,0,0,0,0,0,0,0
69,69,4,0,59,57,5,69,57,5,59,57,5,0,0,0,0,0,0,0,0,0,0,0,0,0,0,0,0,0,0,0,0,0
4,4,4,0,141,67,5,4,67,5,141,67,5,0,0,0,0,0,0,0,0,0,0,0,0,0,0,0,0,0,0,0,0,0
199,199,4,0,16,67,5,199,67,5,16,67,5,0,0,0,0,0,0,0,0,0,0,0,0,0,0,0,0,0,0,0,0,0
78,78,4,0,7,67,5,78,67,5,7,67,5,0,0,0,0,0,0,0,0,0,0,0,0,0,0,0,0,0,0,0,0,0
353,353,4,0,10,77,5,353,77,5,10,77,5,0,0,0,0,0,0,0,0,0,0,0,0,0,0,0,0,0,0,0,0,0
97,97,4,0,50,87,5,97,87,5,50,87,5,0,0,0,0,0,0,0,0,0,0,0,0,0,0,0,0,0,0,0,0,0
64,64,4,0,14,87,5,64,87,5,14,87,5,0,0,0,0,0,0,0,0,0,0,0,0,0,0,0,0,0,0,0,0,0
52,52,4,0,44,87,5,52,87,5,44,87,5,0,0,0,0,0,0,0,0,0,0,0,0,0,0,0,0,0,0,0,0,0
479,479,4,0,25,107,5,479,107,5,25,107,5,0,0,0,0,0,0,0,0,0,0,0,0,0,0,0,0,0,0,0,0,0
271,271,4,0,40,117,5,271,117,5,40,117,5,0,0,0,0,0,0,0,0,0,0,0,0,0,0,0,0,0,0,0,0,0
195,195,100,0,195,100,20,0,0,0,0,0,0,0,0,0,0,0,0,0,0,0,0,0,0,0,0,0,0,0,0,0,0,0
127,127,100,0,127,1,20,0,0,0,0,0,0,0,0,0,0,0,0,0,0,0,0,0,0,0,0,0,0,0,0,0,0,0
10001,1,1,0,1,20,5,1,21,5,1,20,5,0,0,0,0,0,0,0,0,0,0,0,0,0,0,0,0,0,0,0,0,0
10002,16,1,0,0,0,0,16,1,20,0,0,0,0,0,0,0,0,0,0,0,0,0,0,0,0,0,0,0,0,0,0,0,0
500001,129,1,0,129,1,1,129,1,1,129,1,1,0,0,0,0,0,0,0,0,0,0,0,0,0,0,0,0,0,0,0,0,0
500002,133,1,0,133,1,1,133,1,1,133,1,1,0,0,0,0,0,0,0,0,0,0,0,0,0,0,0,0,0,0,0,0,0
500003,10133,1,0,10133,1,1,10133,1,1,10133,1,1,0,0,0,0,0,0,0,0,0,0,0,0,0,0,0,0,0,0,0,0,0
10129,10129,100,0,10129,1,1,0,0,0,0,0,0,0,0,0,0,0,0,0,0,0,0,0,0,0,0,0,0,0,0,0,0,0
10133,10133,100,0,10133,1,1,0,0,0,0,0,0,0,0,0,0,0,0,0,0,0,0,0,0,0,0,0,0,0,0,0,0,0
128,128,100,0,128,1,1,0,0,0,0,0,0,0,0,0,0,0,0,0,0,0,0,0,0,0,0,0,0,0,0,0,0,0
